f000001,0.000,1.800,"你想过吗？"
f000002,1.800,6.880,"要是AI不光能聊天儿，还能直接帮你办事儿。"
f000003,6.880,16.680,"比如订个机票或者跑个数据分析，甚至直接帮你写代码执行代码，听起来是不是很酷？"
f000004,16.680,25.480,"今天咱们就来聊聊实现一切背后那个超厉害的技术工具调用。"
f000005,25.480,28.840,"好，那咱们今天就分几步走。"
f000006,28.840,37.640,"首先看看AI到底缺了点啥，然后搞明白工具调用到底是怎么一回事。"
f000007,37.640,47.400,"接着我会带你看看怎么自己动手做一个，怎么把它连到一个更大的工具世界里。"
f000008,47.400,54.400,"当然最后也是最重要的，怎么保证这一切玩得转又不出问题。"
f000009,54.400,61.800,"行，第一部分我们先来聊一个所有大模型都面临的根本问题，"
f000010,61.800,69.800,"很多人把它叫做瓶中之脑的困境，这个比喻真的特别形象。"
f000011,69.800,76.720,"你看现在这些大模型语言能力是真的强，什么都能聊。"
f000012,76.720,87.920,"但说到底他们就像一个被关在瓶子里特别聪明的大脑，只能想只能说，但是动不了。"
f000013,87.920,94.920,"那你想想，要是我们给这个大脑安上一双手一双脚，"
f000014,94.920,103.800,"让他不光会说还能真的动手去做，那世界会变成什么？"
f000015,103.800,111.360,"这可不只是个小升级，这完全是一种思维上的颠覆。"
f000016,111.360,118.680,"你想想以前咱们开发者就是那个发号施令的人，用户点一下按钮，"
f000017,118.680,124.280,"背后调哪个API全都是我们一行一行代码写死的。"
f000018,124.280,130.120,"但现在完全变了，AI自己成了那个做决定的人。"
f000019,130.120,137.680,"你只要告诉他我想要什么，他自己就能去判断，要完成这个任务，"
f000020,137.680,141.360,"我该用哪个工具，该什么时候用。"
f000021,141.360,145.320,"那问题来了，这背后到底是怎么实现的？"
f000022,145.320,157.640,"听起来跟变魔术一样，AI到底是怎么从听懂我们说话一步步到真正去调用一个外部工具的呢？"
f000023,157.640,160.880,"咱们这就来把它拆开看看。"
f000024,160.880,170.920,"说白了工具调用干的事儿就是给你的语言模型配上了一个万能工具箱，"
f000025,170.920,174.720,"外加一部能打给全世界的电话。"
f000026,174.720,183.000,"这么一来，他就不再是个只会背书的书呆子了，只能靠脑子里那点存货。"
f000027,183.000,195.200,"他能随时从工具箱里拿出家伙去网上查查最新的天气，或者打个电话给公司的系统下一个订单。"
f000028,195.200,203.120,"整个过程其实就是一个特简单的四步循环一个来回。"
f000029,203.120,209.840,"咱们举个例子，你跟AI说，帮我发个邮件提醒一下明天开会的事儿。"
f000030,209.840,217.360,"好，第一步AI一听这得用发邮件的工具，他就做了决定。"
f000031,217.360,227.080,"第二步他就把这个工具叫过来，把收件员主题这些信息都填好。"
f000032,227.080,237.640,"第三步，邮件系统那边盯一下邮件发出去了，然后告诉AI搞定了，发送成功。"
f000033,237.640,248.480,"最后一步AI收到这个回信，就转头告诉你没问题，邮件已经发了。"
f000034,248.480,250.840,"看就这么个闭环。"
f000035,250.840,259.480,"听到这儿你可能觉得这东西挺高级的，挺复杂的那你猜怎么着？"
f000036,259.480,266.440,"创建一个工具，它底层的逻辑其实简单到不行。"
f000037,266.440,274.560,"真的别怕，咱们就来看一看一个工具到底是由哪几块拼起来的。"
f000038,274.560,279.720,"你看一个工具掰开揉碎了看，就这么四个东西。"
f000039,279.720,292.760,"函数就是真正干活的那些代码名称，就是它的大名得独一无二模式就是规定了你要用它得给我传什么参数。"
f000040,292.760,305.800,"但是这里面最重要的我给你讲是这个描述，这个描述你得把它当成是给AI写的使用说明书。"
f000041,305.800,315.320,"你得用大白话告诉他，我这个工具是干嘛的，你什么时候该用我，"
f000042,315.320,323.400,"你这说明抒写的越明白，AI用起来就越聪明，他的智商就越高。"
f000043,323.400,327.160,"所以咱们必须得换个脑子。"
f000044,327.160,339.720,"以前写代码、函数名、注释，那是写给人看的，写给团队里其他工程师看的。"
f000045,339.720,348.680,"现在不了，你写的工具名，特别是那个描述是直接写给AI看的，他们就是给AI的指令。"
f000046,348.680,355.120,"记住这句话，你的描述写的有多清楚，你的AI就有多聪明。"
f000047,355.120,361.720,"行，等你把这个工具的四个部分都定义好了，就剩下最后一步了。"
f000048,361.720,365.680,"超级简单，就是绑定。"
f000049,365.680,376.960,"你可以想象成你打造好了一把新武器，然后咔一声把它挂到了AI的武器库里。"
f000050,376.960,385.080,"从这一刻起，AI就知道我多了这么个家伙，需要的时候随时都能拿出来用。"
f000051,385.080,393.880,"OK到现在为止，我们已经会自己打造兵器了，但这还只是单打独斗。"
f000052,393.880,404.320,"你想想如果你的AI不光能用你给他的几把小刀，还能直接连上一个巨大的军火库，"
f000053,404.320,413.600,"里面有成千上万线程的工具，就像一个AI的应用商店，那得有多爽。"
f000054,413.600,428.280,"这就是咱们接下来要聊的，要理解这个新标准，你只需要记住一个东西，USBC, 它就是AI世界的USBC接口。"
f000055,428.280,439.760,"在他出来之前那叫一个乱，每个模型每个工具都用自己的接口，苹果的、安卓的、老诺基亚的，"
f000056,439.760,443.840,"谁也连不上谁，简直就是噩梦。"
f000057,443.840,452.840,"所以为了解决这个乱局，就有了这个模型上下文协议，简称MCP。"
f000058,452.840,458.720,"它是个开源标准，由anthropic这些大公司牵头搞的。"
f000059,458.720,469.680,"他的目标就一个终结混乱，给所有的AI和工具创建一个统一的标准的即插即用的接口。"
f000060,469.680,476.480,"那这个MCP生态对我们开发者来说到底意味着什么呢？"
f000061,476.480,485.640,"简单说就是你再也不用什么都自己从头干了，不用天天重新发明轮子了。"
f000062,485.640,496.560,"你可以直接连上一个巨大的而且还在不断变大的共享工具库，需要什么功能直接拿来用就行了。"
f000063,496.560,496.920,"这个开发效率简直是指数级的提升。"
f000064,496.920,496.920,"好，我们给了爱爱这么大的能力，让她能动手做事了。"
f000065,496.920,496.920,"但能力越大，责任就越大。"
f000066,496.920,496.920,"安全问题绝对是头等大事，是重中之重。"
f000067,496.920,496.920,"因为只要有一个地方没做好，后果可能就非常严重。"
f000068,496.920,496.920,"所以咱们必须得讲规矩，遵守一些基本法则。"
f000069,496.920,496.920,"你看这些最佳实践，什么单一职责、清晰命名、参数验证，千万别觉得这只是些老掉牙的编程好习惯不在这里，"
f000070,496.920,496.920,"他们是你的安全防线。"
f000071,496.920,496.920,"比如说单一职责就是让一个工具只干一件事儿，别给他太大的权利，免得他被AI滥用。"
f000072,496.920,496.920,"参数验证就更重要了，这是你挡住外面恶意攻击的第一道防火墙。"
f000073,496.920,496.920,"把这些原则都做到位，就等于给你的AI智能体建立了一套强大的免疫系统。"
f000074,496.920,496.920,"最后关于安全记住一条铁律，这是底线。"
f000075,496.920,496.920,"永远永远不要相信模型给你的任何输入，你要把它当成任何一个来自外部的不怀好意的用户请求一样对待。"
f000076,496.920,496.920,"每一个参数都得严格检查过滤器，而且必须做好身份验证和授权，"
f000077,496.920,496.920,"确保你的工具绝对不会干出格的事儿，绝对不会执行任何危险的操作。"
f000078,496.920,496.920,"好，咱们来快速总结一下，今天我们聊的核心就是工具调用。"
f000079,496.920,496.920,"它让AI从一个只能想的思考者变成了一个能做的行动者。"
f000080,496.920,496.920,"我们发现创建一个工具其实很简单，就那四个部分。"
f000081,496.920,496.920,"而且像MCIP这样的标准，正在让整个生态变得越来越方便。"
f000082,496.920,496.920,"但贯穿始终最重要的一点就是你的设计必须得清晰，而且安全永远是第一位的。"
f000083,496.920,496.920,"这项技术真的打开了一扇全新的大门，无论是自动处理那些烦人的日常工作，"
f000084,496.920,496.920,"还是创造出我们以前想都不敢想的新应用，都变得可能了。"
f000085,496.920,496.920,"现在这个能力就在你手里了。"
f000086,496.920,496.960,"所以真正的问题是你准备拿它来做的第一件事儿是什么呢？"