f000001,0.000,3.280,"<click no="1"/>大家好，我是程哥。"
f000002,3.280,9.000,"今天，我将带大家深入了解 LangGraphJS 的时间旅行功能。"
f000003,9.000,13.240,"这是一个革命性的调试工具，就像给应用装上了时光机。"
f000004,13.240,17.360,"让我们一起探索这个强大的调试功能吧！"
f000005,17.360,24.000,"<click no="2"/>首先，让我们理解什么是时间旅行概念。"
f000006,24.000,34.240,"时间旅行是一种强大的调试技术，它允许开发者自由回溯到应用的任意历史状态。"
f000007,34.240,41.520,"这就像是在时间的河流中逆流而上，重新审视每一个决策点。"
f000008,41.520,46.640,"相比之下，传统调试就像是只能看到河流的当前状态。"
f000009,46.640,51.680,"而时间旅行让我们能够看到整条河流的完整流向。"
f000010,51.680,57.000,"时间旅行让调试从被动响应，变成了主动探索。"
f000011,57.000,66.280,"<click no="3"/>接下来，让我们了解时间旅行的核心基础 - 检查点系统。"
f000012,66.280,74.240,"检查点是时间旅行的基石，它在关键执行节点保存状态快照。"
f000013,74.240,82.800,"这就像是电影拍摄中的每一个镜头，记录了应用执行过程中的关键时刻。"
f000014,82.800,88.680,"每个检查点都包含执行状态、时间戳、输入输出数据等完整信息。"
f000015,88.680,97.240,"通过这些精心设计的检查点，我们能够完整地重现应用的执行历程。"
f000016,97.240,108.680,"使用检查点有很多优势：自动保存无需手动干预，轻量级性能影响小，完整捕获执行上下文。"
f000017,108.680,116.200,"但也要注意合理设置检查点频率，考虑存储空间限制，以及敏感数据的处理。"
f000018,116.200,123.200,"<click no="4"/>状态快照和时间轴构成了时间旅行的时空坐标系。"
f000019,123.200,130.880,"状态快照是空间中的每一个点，包含完整的数据结构和元数据。"
f000020,130.880,137.920,"而时间轴则是连接这些点的线，按时间顺序组织所有状态快照。"
f000021,137.920,145.320,"通过这个坐标系，我们能够精确定位和分析应用的每一个执行瞬间。"
f000022,145.320,150.640,"时间轴让我们能够像看电影回放一样查看应用执行过程。"
f000023,150.640,156.920,"这种结构化的设计让时间旅行变得既强大又直观。"
f000024,156.920,165.720,"<click no="5"/>现在，让我们学习时间旅行的基础用法 - 查看历史状态。"
f000025,165.720,170.280,"这是时间旅行最基本也是最常用的功能。"
f000026,170.280,177.640,"就像翻阅历史相册一样，我们可以随时回顾应用的每一个执行瞬间。"
f000027,177.640,187.040,"通过时间旅行API，我们可以获取所有历史状态，按时间戳筛选，或者按节点筛选。"
f000028,187.040,195.520,"不仅如此，我们还可以进行状态可视化，包括趋势分析、细节查看和数据对比。"
f000029,195.520,202.240,"这些功能让我们能够深入洞察状态变化的规律和趋势。"
f000030,202.240,209.240,"<click no="6"/>接下来，我们学习状态回滚操作。"
f000031,209.240,217.880,"这是时间旅行最强大的功能之一，让我们能够穿越回任何一个历史节点。"
f000032,217.880,223.800,"我们可以回滚到指定检查点、特定时间点，或者指定节点执行后。"
f000033,223.800,232.440,"但更重要的是，我们需要谨慎地使用这个能力，确保回滚操作的安全性和可控性。"
f000034,232.440,240.840,"我们可以采用安全回滚策略，创建回滚前的备份，在回滚失败时能够快速恢复。"
f000035,240.840,246.800,"也可以使用增量回滚，只回滚部分状态，保留其他重要信息。"
f000036,246.800,250.920,"这样的设计让状态回滚既强大又安全。"
f000037,250.920,257.120,"<click no="7"/>现在，我们进入高级功能 - 历史状态修改。"
f000038,257.120,263.200,"时间旅行不仅允许查看历史，还可以修改历史状态。"
f000039,263.200,271.440,"这就像是科幻电影中的时空悖论，它不仅改变了过去，还会影响未来。"
f000040,271.440,277.120,"我们可以修改单个检查点，也可以批量修改多个检查点。"
f000041,277.120,285.680,"修改历史状态会触发连锁反应，需要重新计算后续状态，更新依赖数据。"
f000042,285.680,293.760,"LangGraphJS 提供了完善的连锁反应处理机制，确保修改后的时间线保持一致性和完整性。"
f000043,293.760,302.360,"但请记住，修改历史状态是强大功能，但需要谨慎使用，确保理解其影响范围。"
f000044,302.360,307.640,"<click no="8"/>分支探索是另一个强大的高级功能。"
f000045,307.640,317.280,"它就像是平行宇宙的概念，让我们能够探索"如果当时选择不同的路径会怎样"。"
f000046,317.280,325.720,"我们可以从任意检查点创建新的执行分支，在分支中修改输入或算法。"
f000047,325.720,329.480,"这对于算法优化、参数调优和方案对比非常有价值。"
f000048,329.480,337.600,"通过分支对比功能，我们可以分析不同分支的执行结果，选择最优方案。"
f000049,337.600,343.360,"这种能力让我们的决策更加科学和数据驱动。"
f000050,343.360,353.120,"<click no="9"/>现在，让我们看看时间旅行在实际应用场景中的价值。"
f000051,353.120,359.000,"首先是调试复杂问题，这是时间旅行最直接的应用场景。"
f000052,359.000,367.560,"在复杂的系统调试中，时间旅行就像是福尔摩斯的放大镜，帮助我们细致入微地观察问题。"
f000053,367.560,376.520,"通过时间旅行分析，我们可以定位异常检查点，检查上下文数据，分析状态变化。"
f000054,376.520,389.000,"比如在数据处理异常的案例中，通过时间旅行我们能够精确定位到内存使用开始异常增长的具体时间点。"
f000055,389.000,398.360,"这种能力让我们能够找到隐藏在深处的根本原因，而不仅仅是表面现象。"
f000056,398.360,403.440,"<click no="10"/>另一个重要的应用场景是A/B测试。"
f000057,403.440,408.080,"时间旅行为A/B测试提供了完美的实验环境。"
f000058,408.080,418.080,"它确保了不同测试分支在完全一致的初始条件下开始，消除了环境因素的干扰。"
f000059,418.080,427.440,"我们可以创建测试分支，在不同分支中应用不同算法，然后并行执行测试。"
f000060,427.440,438.560,"通过自动化的结果对比，我们可以获得详细的分析报告，包括准确度、性能、内存使用等多个指标。"
f000061,438.560,447.840,"时间旅行的优势在于：完全一致的初始条件、可重复的测试环境、详细的对比数据。"
f000062,447.840,453.000,"这特别适用于算法优化验证、参数调优和架构决策支持。"
f000063,453.000,459.280,"<click no="11"/>时间旅行在错误恢复方面也发挥着重要作用。"
f000064,459.280,466.520,"错误恢复就像是时间旅行的安全网，当系统出现问题时提供保护。"
f000065,466.520,476.320,"我们可以设置自动错误检测与恢复机制，监控异常状态并自动触发恢复策略。"
f000066,476.320,484.560,"系统还能智能选择最佳恢复点，基于稳定性、性能和时间近度等标准。"
f000067,484.560,493.480,"这种智能恢复机制让系统能够快速回到正常状态，大大提高了系统的可靠性和可用性。"
f000068,493.480,497.760,"这对于生产环境的稳定运行至关重要。"
f000069,497.760,505.800,"<click no="12"/>现在，让我们了解完整的时间旅行工作流程。"
f000070,505.800,514.800,"掌握完整的工作流程，就像是拥有了一套完整的时空操作手册。"
f000071,514.800,525.600,"标准工作流程包括：启用时间旅行、执行应用、自动创建检查点、监控执行状态。"
f000072,525.600,535.880,"如果发现异常，就进入调试模式，查看历史状态，定位问题检查点，分析状态变化。"
f000073,535.880,540.960,"然后尝试状态回滚，验证修复效果。"
f000074,540.960,549.440,"如果问题还没解决，就修改历史状态，探索执行分支，找到解决方案并应用到主线。"
f000075,549.440,557.040,"我们还可以使用一键快速调试功能，自动分析问题并推荐调试步骤。"
f000076,557.040,563.640,"这种系统化的流程让调试过程变得高效而规范。"
f000077,563.640,572.000,"<click no="13"/>接下来，让我们分享一些最佳实践和使用建议。"
f000078,572.000,580.560,"最佳实践就像是经验丰富的探险家分享的生存指南。"
f000079,580.560,592.880,"首先，要合理设置检查点频率：关键节点必设检查点，根据执行频率动态调整，考虑存储空间限制。"
f000080,592.880,600.480,"避免过于频繁的检查点，忽略性能影响，或者无限期保存历史。"
f000081,600.480,604.480,"在性能优化方面，可以采用智能检查点策略，动态调整频率，基于重要性分级，设置合理的清理策略。"
f000082,604.480,604.480,"在调试技巧方面，要学会精准定位，使用过滤器快速找到相关检查点。"
f000083,604.480,604.480,"进行对比分析，对比正常和异常状态的差异。"
f000084,604.480,604.480,"以及在分支中快速验证修复方案。"
f000085,604.480,604.480,"这些实践能帮助我们获得最大收益，避免常见问题。"
f000086,604.480,604.480,"<click no="14"/>在使用时间旅行时，还有一些重要的注意事项需要注意。"
f000087,604.480,604.480,"这些注意事项就像是时空旅行的安全守则。"
f000088,604.480,604.480,"首先是安全考虑：要对敏感数据进行加密处理，设置访问控制和审计日志，对个人信息、凭证信息等进行数据脱敏。"
f000089,604.480,604.480,"还要避免常见的陷阱：不要过度依赖时间旅行而忽视预防性编程，要注意性能影响，避免存储爆炸，避免状态污染。"
f000090,604.480,604.480,"时间旅行是调试工具，不应作为常规的业务逻辑控制机制。"
f000091,604.480,604.480,"记住这些安全守则，让我们在享受强大功能的同时，也能避免潜在的风险。"
f000092,604.480,604.480,"<click no="15"/>让我们将LangGraphJS时间旅行与前端开发工具进行对比。"
f000093,604.480,604.480,"通过对比我们发现，LangGraphJS在复杂系统调试方面具有独特优势。"
f000094,604.480,604.480,"在功能特性方面，LangGraphJS支持完整执行历史、任意时间点回溯、历史状态修改、多分支并行探索等。"
f000095,604.480,604.480,"而Redux DevTools和Vue DevTools主要专注于前端状态管理，在历史状态修改和分支探索方面能力有限。"
f000096,604.480,604.480,"LangGraphJS时间旅行更适用于后端复杂系统、AI/ML工作流调试、复杂业务流程分析等场景。"
f000097,604.480,604.480,"而Redux/Vue DevTools更适合前端状态管理、UI状态调试、用户交互分析等。"
f000098,604.480,604.480,"各工具都有其适用场景，选择合适的工具才能发挥最大价值。"
f000099,604.480,604.480,"<click no="16"/>最后，让我们进行小结与延伸。"
f000100,604.480,604.480,"时间旅行带来了调试能力的革命：从被动响应到主动探索，从单点调试到全局分析，从线性执行到分支探索。"
f000101,604.480,604.480,"它也显著提升了开发效率：快速定位问题根源，安全测试修复方案，智能错误恢复机制。"
f000102,604.480,604.480,"推荐的学习路径是：先掌握基础概念，再到实践操作，然后学习高级技巧，接着优化性能，最后掌握最佳实践。"
f000103,604.480,604.480,"相关技术还包括分布式追踪、事件溯源、CQRS、版本控制等。"
f000104,604.480,604.480,"时间旅行代表了调试技术的未来方向。"
f000105,604.480,604.480,"它不仅改变了我们调试代码的方式，更重要的是改变了我们思考和解决问题的方法论。"
f000106,604.480,604.480,"掌握时间旅行，就是掌握了通向高效开发的一把钥匙。"
f000107,604.480,604.480,"时间旅行不仅是一个调试工具，更是一种全新的思维方式。"
f000108,604.480,604.480,"它让我们能够在时间的维度上自由探索，创造更优秀的软件。"
f000109,604.480,604.480,"谢谢大家！"
f000110,604.480,604.520,""